[
    {
        "pk": 1,
        "model": "confucius.email",
        "fields": {
            "main": true,
            "user": 1, 
            "confirmed": true,
            "value": "blu@blu.com"
        }
    },
    {
        "pk": 2,
        "model": "confucius.email",
        "fields": {
            "main": true,
            "user": 2,
            "confirmed": true,
            "value": "red@red.com"
        }
    },
    {
        "pk": 3,
        "model": "confucius.email",
        "fields": {
            "main": true,
            "user": 3, 
            "confirmed": true,
            "value": "green@green.com"
        }
    },
    {
        "pk": 1,
        "model": "confucius.language",
        "fields": {
            "code": "ar",
            "name": "Arabic",
            "users": []
        }
    },
    {
        "pk": 2,
        "model": "confucius.language",
        "fields": {
            "code": "az",
            "name": "Azerbaijani",
            "users": []
        }
    },
    {
        "pk": 3,
        "model": "confucius.language",
        "fields": {
            "code": "bg",
            "name": "Bulgarian",
            "users": []
        }
    },
    {
        "pk": 4,
        "model": "confucius.language",
        "fields": {
            "code": "bn",
            "name": "Bengali",
            "users": []
        }
    },
    {
        "pk": 5,
        "model": "confucius.language",
        "fields": {
            "code": "bs",
            "name": "Bosnian",
            "users": []
        }
    },
    {
        "pk": 6,
        "model": "confucius.language",
        "fields": {
            "code": "ca",
            "name": "Catalan",
            "users": []
        }
    },
    {
        "pk": 7,
        "model": "confucius.language",
        "fields": {
            "code": "cs",
            "name": "Czech",
            "users": []
        }
    },
    {
        "pk": 8,
        "model": "confucius.language",
        "fields": {
            "code": "cy",
            "name": "Welsh",
            "users": []
        }
    },
    {
        "pk": 9,
        "model": "confucius.language",
        "fields": {
            "code": "da",
            "name": "Danish",
            "users": []
        }
    },
    {
        "pk": 10,
        "model": "confucius.language",
        "fields": {
            "code": "de",
            "name": "German",
            "users": []
        }
    },
    {
        "pk": 11,
        "model": "confucius.language",
        "fields": {
            "code": "el",
            "name": "Greek",
            "users": []
        }
    },
    {
        "pk": 12,
        "model": "confucius.language",
        "fields": {
            "code": "en",
            "name": "English",
            "users": []
        }
    },
    {
        "pk": 13,
        "model": "confucius.language",
        "fields": {
            "code": "en-gb",
            "name": "British English",
            "users": []
        }
    },
    {
        "pk": 14,
        "model": "confucius.language",
        "fields": {
            "code": "es",
            "name": "Spanish",
            "users": []
        }
    },
    {
        "pk": 15,
        "model": "confucius.language",
        "fields": {
            "code": "es-ar",
            "name": "Argentinian Spanish",
            "users": []
        }
    },
    {
        "pk": 16,
        "model": "confucius.language",
        "fields": {
            "code": "es-mx",
            "name": "Mexican Spanish",
            "users": []
        }
    },
    {
        "pk": 17,
        "model": "confucius.language",
        "fields": {
            "code": "es-ni",
            "name": "Nicaraguan Spanish",
            "users": []
        }
    },
    {
        "pk": 18,
        "model": "confucius.language",
        "fields": {
            "code": "et",
            "name": "Estonian",
            "users": []
        }
    },
    {
        "pk": 19,
        "model": "confucius.language",
        "fields": {
            "code": "eu",
            "name": "Basque",
            "users": []
        }
    },
    {
        "pk": 20,
        "model": "confucius.language",
        "fields": {
            "code": "fa",
            "name": "Persian",
            "users": []
        }
    },
    {
        "pk": 21,
        "model": "confucius.language",
        "fields": {
            "code": "fi",
            "name": "Finnish",
            "users": []
        }
    },
    {
        "pk": 22,
        "model": "confucius.language",
        "fields": {
            "code": "fr",
            "name": "French",
            "users": []
        }
    },
    {
        "pk": 23,
        "model": "confucius.language",
        "fields": {
            "code": "fy-nl",
            "name": "Frisian",
            "users": []
        }
    },
    {
        "pk": 24,
        "model": "confucius.language",
        "fields": {
            "code": "ga",
            "name": "Irish",
            "users": []
        }
    },
    {
        "pk": 25,
        "model": "confucius.language",
        "fields": {
            "code": "gl",
            "name": "Galician",
            "users": []
        }
    },
    {
        "pk": 26,
        "model": "confucius.language",
        "fields": {
            "code": "he",
            "name": "Hebrew",
            "users": []
        }
    },
    {
        "pk": 27,
        "model": "confucius.language",
        "fields": {
            "code": "hi",
            "name": "Hindi",
            "users": []
        }
    },
    {
        "pk": 28,
        "model": "confucius.language",
        "fields": {
            "code": "hr",
            "name": "Croatian",
            "users": []
        }
    },
    {
        "pk": 29,
        "model": "confucius.language",
        "fields": {
            "code": "hu",
            "name": "Hungarian",
            "users": []
        }
    },
    {
        "pk": 30,
        "model": "confucius.language",
        "fields": {
            "code": "id",
            "name": "Indonesian",
            "users": []
        }
    },
    {
        "pk": 31,
        "model": "confucius.language",
        "fields": {
            "code": "is",
            "name": "Icelandic",
            "users": []
        }
    },
    {
        "pk": 32,
        "model": "confucius.language",
        "fields": {
            "code": "it",
            "name": "Italian",
            "users": []
        }
    },
    {
        "pk": 33,
        "model": "confucius.language",
        "fields": {
            "code": "ja",
            "name": "Japanese",
            "users": []
        }
    },
    {
        "pk": 34,
        "model": "confucius.language",
        "fields": {
            "code": "ka",
            "name": "Georgian",
            "users": []
        }
    },
    {
        "pk": 35,
        "model": "confucius.language",
        "fields": {
            "code": "km",
            "name": "Khmer",
            "users": []
        }
    },
    {
        "pk": 36,
        "model": "confucius.language",
        "fields": {
            "code": "kn",
            "name": "Kannada",
            "users": []
        }
    },
    {
        "pk": 37,
        "model": "confucius.language",
        "fields": {
            "code": "ko",
            "name": "Korean",
            "users": []
        }
    },
    {
        "pk": 38,
        "model": "confucius.language",
        "fields": {
            "code": "lt",
            "name": "Lithuanian",
            "users": []
        }
    },
    {
        "pk": 39,
        "model": "confucius.language",
        "fields": {
            "code": "lv",
            "name": "Latvian",
            "users": []
        }
    },
    {
        "pk": 40,
        "model": "confucius.language",
        "fields": {
            "code": "mk",
            "name": "Macedonian",
            "users": []
        }
    },
    {
        "pk": 41,
        "model": "confucius.language",
        "fields": {
            "code": "ml",
            "name": "Malayalam",
            "users": []
        }
    },
    {
        "pk": 42,
        "model": "confucius.language",
        "fields": {
            "code": "mn",
            "name": "Mongolian",
            "users": []
        }
    },
    {
        "pk": 43,
        "model": "confucius.language",
        "fields": {
            "code": "nb",
            "name": "Norwegian Bokmal",
            "users": []
        }
    },
    {
        "pk": 44,
        "model": "confucius.language",
        "fields": {
            "code": "nl",
            "name": "Dutch",
            "users": []
        }
    },
    {
        "pk": 45,
        "model": "confucius.language",
        "fields": {
            "code": "nn",
            "name": "Norwegian Nynorsk",
            "users": []
        }
    },
    {
        "pk": 46,
        "model": "confucius.language",
        "fields": {
            "code": "no",
            "name": "Norwegian",
            "users": []
        }
    },
    {
        "pk": 47,
        "model": "confucius.language",
        "fields": {
            "code": "pa",
            "name": "Punjabi",
            "users": []
        }
    },
    {
        "pk": 48,
        "model": "confucius.language",
        "fields": {
            "code": "pl",
            "name": "Polish",
            "users": []
        }
    },
    {
        "pk": 49,
        "model": "confucius.language",
        "fields": {
            "code": "pt",
            "name": "Portuguese",
            "users": []
        }
    },
    {
        "pk": 50,
        "model": "confucius.language",
        "fields": {
            "code": "pt-br",
            "name": "Brazilian Portuguese",
            "users": []
        }
    },
    {
        "pk": 51,
        "model": "confucius.language",
        "fields": {
            "code": "ro",
            "name": "Romanian",
            "users": []
        }
    },
    {
        "pk": 52,
        "model": "confucius.language",
        "fields": {
            "code": "ru",
            "name": "Russian",
            "users": []
        }
    },
    {
        "pk": 53,
        "model": "confucius.language",
        "fields": {
            "code": "sk",
            "name": "Slovak",
            "users": []
        }
    },
    {
        "pk": 54,
        "model": "confucius.language",
        "fields": {
            "code": "sl",
            "name": "Slovenian",
            "users": []
        }
    },
    {
        "pk": 55,
        "model": "confucius.language",
        "fields": {
            "code": "sq",
            "name": "Albanian",
            "users": []
        }
    },
    {
        "pk": 56,
        "model": "confucius.language",
        "fields": {
            "code": "sr",
            "name": "Serbian",
            "users": []
        }
    },
    {
        "pk": 57,
        "model": "confucius.language",
        "fields": {
            "code": "sr-latn",
            "name": "Serbian Latin",
            "users": []
        }
    },
    {
        "pk": 58,
        "model": "confucius.language",
        "fields": {
            "code": "sv",
            "name": "Swedish",
            "users": []
        }
    },
    {
        "pk": 59,
        "model": "confucius.language",
        "fields": {
            "code": "ta",
            "name": "Tamil",
            "users": []
        }
    },
    {
        "pk": 60,
        "model": "confucius.language",
        "fields": {
            "code": "te",
            "name": "Telugu",
            "users": []
        }
    },
    {
        "pk": 61,
        "model": "confucius.language",
        "fields": {
            "code": "th",
            "name": "Thai",
            "users": []
        }
    },
    {
        "pk": 62,
        "model": "confucius.language",
        "fields": {
            "code": "tr",
            "name": "Turkish",
            "users": []
        }
    },
    {
        "pk": 63,
        "model": "confucius.language",
        "fields": {
            "code": "uk",
            "name": "Ukrainian",
            "users": []
        }
    },
    {
        "pk": 64,
        "model": "confucius.language",
        "fields": {
            "code": "ur",
            "name": "Urdu",
            "users": []
        }
    },
    {
        "pk": 65,
        "model": "confucius.language",
        "fields": {
            "code": "vi",
            "name": "Vietnamese",
            "users": []
        }
    },
    {
        "pk": 66,
        "model": "confucius.language",
        "fields": {
            "code": "zh-cn",
            "name": "Simplified Chinese",
            "users": []
        }
    },
    {
        "pk": 67,
        "model": "confucius.language",
        "fields": {
            "code": "zh-tw",
            "name": "Traditional Chinese",
            "users": []
        }
    },
    {
        "pk": 1,
        "model": "confucius.action",
        "fields": {
            "name": "New User joined the Conference"
        }
    },
    {
        "pk": 2,
        "model": "confucius.action",
        "fields": {
            "name": "New User left the Conference"
        }
    },
    {
        "pk": 3,
        "model": "confucius.action",
        "fields": {
            "name": "User has add a review"
        }
    },
    {
        "pk": 4,
        "model": "confucius.action",
        "fields": {
            "name": "User has add a paper"
        }
    },
    {
        "pk": 1,
        "model": "confucius.alert",
        "fields": {
            "conference": 1,
            "roles": [
                2
            ],
            "title": "Premiere Alerte",
            "content": "test trigger date",
            "action": null,
            "reminder": null,
            "trigger_date": "2012-02-23",
            "event": null
        }
    },
    {
        "pk": 2,
        "model": "confucius.alert",
        "fields": {
            "conference": 1,
            "roles": [
                1
            ],
            "title": "Heeeey",
            "content": "test reminder",
            "action": null,
            "reminder": 4,
            "trigger_date": null,
            "event": 6
        }
    },
    {
        "pk": 3,
        "model": "confucius.alert",
        "fields": {
            "conference": 1,
            "roles": [
                1
            ],
            "title": "Troiseme Alert",
            "content": "Avec une putain d'action",
            "action": 4,
            "reminder": null,
            "trigger_date": null,
            "event": null
        }
    },
    {
        "pk": 1,
        "model": "confucius.conference",
        "fields": {
            "title": "Les castors mutants",
            "reviews_end_date": "2012-02-25",
            "submissions_start_date": "2012-02-17",
            "submissions_end_date": "2012-02-17",
            "reviews_start_date": "2012-02-17",
            "url": "",
            "is_open": true,
            "domains": [
                1
            ],
            "start_date": "2012-02-17"
        }
    },
    {
        "pk": 2,
        "model": "confucius.conference",
        "fields": {
            "title": "Dimmu Borgir",
            "reviews_end_date": "2012-02-17",
            "submissions_start_date": "2012-02-17",
            "submissions_end_date": "2012-02-17",
            "reviews_start_date": "2012-02-17",
            "url": "",
            "is_open": true,
            "domains": [
                3
            ],
            "start_date": "2012-02-17"
        }
    },
    {
        "pk": 3,
        "model": "confucius.conference",
        "fields": {
            "title": "les loutres anorexiques",
            "reviews_end_date": "2012-02-17",
            "submissions_start_date": "2012-02-17",
            "submissions_end_date": "2012-02-17",
            "reviews_start_date": "2012-02-17",
            "url": "",
            "is_open": false,
            "domains": [
                1,
                2
            ],
            "start_date": "2012-02-17"
        }
    },
    {
        "pk": 4,
        "model": "confucius.conference",
        "fields": {
            "title": "Mauvaise conference",
            "reviews_end_date": "2012-02-17",
            "submissions_start_date": "2012-02-17",
            "submissions_end_date": "2012-02-17",
            "reviews_start_date": "2012-02-17",
            "url": "",
            "is_open": false,
            "domains": [
                2
            ],
            "start_date": "2011-12-23"
        }
    },
    {
        "pk": 5,
        "model": "confucius.conference",
        "fields": {
            "title": "Encore plus tot",
            "reviews_end_date": "2012-02-17",
            "submissions_start_date": "2012-02-17",
            "submissions_end_date": "2012-02-17",
            "reviews_start_date": "2012-02-17",
            "url": "",
            "is_open": true,
            "domains": [
                1,
                3
            ],
            "start_date": "2011-04-13"
        }
    },
    {
        "pk": 1,
        "model": "confucius.domain",
        "fields": {
            "name": "Red domain"
        }
    },
    {
        "pk": 2,
        "model": "confucius.domain",
        "fields": {
            "name": "Blu domain"
        }
    },
    {
        "pk": 3,
        "model": "confucius.domain",
        "fields": {
            "name": "Green domain"
        }
    },
    {
        "pk": 1,
        "model": "confucius.event",
        "fields": {
            "name": "start_date"
        }
    },
    {
        "pk": 3,
        "model": "confucius.event",
        "fields": {
            "name": "submissions_start_date"
        }
    },
    {
        "pk": 4,
        "model": "confucius.event",
        "fields": {
            "name": "submissions_end_date"
        }
    },
    {
        "pk": 5,
        "model": "confucius.event",
        "fields": {
            "name": "reviews_start_date"
        }
    },
    {
        "pk": 6,
        "model": "confucius.event",
        "fields": {
            "name": "reviews_end_date"
        }
    },
    {
        "pk": 1,
        "model": "confucius.membership",
        "fields": {
            "conference": 1,
            "domains": [
                1
            ],
            "last_accessed": true,
            "user": 1,
            "roles": [
                1,
                2,
                3
            ]
        }
    },
    {
        "pk": 2,
        "model": "confucius.membership",
        "fields": {
            "conference": 2,
            "domains": [
                3
            ],
            "last_accessed": false,
            "user": 1,
            "roles": [
                2,
                3
            ]
        }
    },
    {
        "pk": 3,
        "model": "confucius.membership",
        "fields": {
            "conference": 4,
            "domains": [
                2
            ],
            "last_accessed": false,
            "user": 1,
            "roles": [
                3
            ]
        }
    },
    {
        "pk": 1,
        "model": "confucius.reminder",
        "fields": {
            "name": "1 Month before",
            "value": 30
        }
    },
    {
        "pk": 2,
        "model": "confucius.reminder",
        "fields": {
            "name": "2 weeks before",
            "value": 15
        }
    },
    {
        "pk": 3,
        "model": "confucius.reminder",
        "fields": {
            "name": "One week before",
            "value": 7
        }
    },
    {
        "pk": 4,
        "model": "confucius.reminder",
        "fields": {
            "name": "One day before",
            "value": 1
        }
    },
    {
        "pk": 5,
        "model": "confucius.reminder",
        "fields": {
            "name": "2 Months before",
            "value": 60
        }
    },
    {
        "pk": 1,
        "model": "confucius.role",
        "fields": {
            "code": "C",
            "name": "Chair"
        }
    },
    {
        "pk": 2,
        "model": "confucius.role",
        "fields": {
            "code": "R",
            "name": "Reviewer"
        }
    },
    {
        "pk": 3,
        "model": "confucius.role",
        "fields": {
            "code": "S",
            "name": "Submitter"
        }
    },
    {
        "pk": 1,
        "model": "confucius.paper",
        "fields": {
            "submission_date": "2012-02-20",
            "conference": 1,
            "language": 14,
            "title": "Un papier",
            "co_authors": "a@a.a",
            "description": "blu blu blu",
            "domains": [
                1
            ],
            "last_update_date": "2012-02-20",
            "submitter": 1,
            "file": "papers/test_32.txt"
        }
    },
    {
        "pk": 2,
        "model": "confucius.paper",
        "fields": {
            "submission_date": "2012-02-20",
            "conference": 1,
            "language": 18,
            "title": "Autre papier",
            "co_authors": "azeazezqefsg",
            "description": "red red red",
            "domains": [
                1
            ],
            "last_update_date": "2012-02-24",
            "submitter": 1,
            "file": "papers/test_33.txt"
        }
    },
    {
        "pk": 3,
        "model": "confucius.paper",
        "fields": {
            "submission_date": "2012-02-24",
            "conference": 1,
            "language": 17,
            "title": "jjujuju",
            "co_authors": "azdsfsdg",
            "description": "green green green",
            "domains": [
                1
            ],
            "last_update_date": "2012-02-26",
            "submitter": 1,
            "file": "papers/test_34.txt"
        }
    },
    {
        "pk": 1,
        "model": "confucius.assignment",
        "fields": {
            "reviewer": 1,
            "paper": 1,
            "is_assigned": true,
            "is_done": false,
            "review": null
        }
    },
    {
        "pk": "293eab63eba28c6fe3ec85fd0270a4b9",
        "model": "sessions.session",
        "fields": {
            "expire_date": "2012-03-09 21:44:25",
            "session_data": "ZmUxZGNiNWFjMWNlZmM0YTg2MGI2NDQ4NWM4NTI3NDU4NjgwYWZkMjqAAn1xAShVEl9hdXRoX3Vz\nZXJfYmFja2VuZHECVSFjb25mdWNpdXMuYmFja2VuZHMuQWNjb3VudEJhY2tlbmRxA1UNX2F1dGhf\ndXNlcl9pZHEESwF1Lg==\n"
        }
    },
    {
        "pk": 1,
        "model": "admin.logentry",
        "fields": {
            "action_flag": 2,
            "action_time": "2012-02-24 21:44:29",
            "object_repr": "Les castors mutants",
            "object_id": "1",
            "change_message": "Changed roles for membership \"Membership object\".",
            "user": 1,
            "content_type": 6
        }
    },
    {
        "pk": 1,
        "model": "auth.user",
        "fields": {
            "username": "blu",
            "first_name": "Blu",
            "last_name": "Ulb",
            "is_active": true,
            "is_superuser": true,
            "is_staff": true,
            "last_login": "2012-02-24 21:44:25",
            "groups": [],
            "user_permissions": [],
            "password": "sha1$99e22$c79827cf9b5e915d100e5b8755b6a551657889e8",
            "email": "blu@blu.com",
            "date_joined": "2012-02-20 21:05:11"
        }
    },
    {
        "pk": 2,
        "model": "auth.user",
        "fields": {
            "username": "red",
            "first_name": "Red",
            "last_name": "Der",
            "is_active": true,
            "is_superuser": true,
            "is_staff": true,
            "last_login": "2012-02-20 21:05:11",
            "groups": [],
            "user_permissions": [],
            "password": "sha1$99e22$c79827cf9b5e915d100e5b8755b6a551657889e8",
            "email": "red@red.com",
            "date_joined": "2012-02-20 21:05:11"
        }
    },
    {
        "pk": 3,
        "model": "auth.user",
        "fields": {
            "username": "green",
            "first_name": "Green",
            "last_name": "Neeg",
            "is_active": true,
            "is_superuser": true,
            "is_staff": true,
            "last_login": "2012-02-20 21:05:11",
            "groups": [],
            "user_permissions": [],
            "password": "sha1$99e22$c79827cf9b5e915d100e5b8755b6a551657889e8",
            "email": "green@green.com",
            "date_joined": "2012-02-20 21:05:11"
        }
    }
]
