[
    {
        "pk": 1, 
        "model": "confucius.email", 
        "fields": {
            "user": 1, 
            "confirmed": true,
            "main": true, 
            "value": "blu@blu.com"
        }
    }, 
    {
        "pk": 2, 
        "model": "confucius.email", 
        "fields": {
            "user": 2, 
            "confirmed": true,
            "main": true, 
            "value": "red@red.com"
        }
    }, 
    {
        "pk": 3, 
        "model": "confucius.email", 
        "fields": {
            "user": 3, 
            "confirmed": true,
            "main": true, 
            "value": "green@green.com"
        }
    }, 
    {
        "pk": 1,
        "model": "auth.user",
        "fields": {
            "username": "blu",
            "first_name": "Blu",
            "last_name": "Ulb",
            "is_active": true,
            "is_superuser": true,
            "is_staff": true,
            "last_login": "2012-02-20 21:05:11",
            "groups": [],
            "user_permissions": [],
            "password": "sha1$99e22$c79827cf9b5e915d100e5b8755b6a551657889e8",
            "email": "blu@blu.com",
            "date_joined": "2012-02-20 21:05:11"
        }
    },
    {
        "pk": 2,
        "model": "auth.user",
        "fields": {
            "username": "red",
            "first_name": "Red",
            "last_name": "Der",
            "is_active": true,
            "is_superuser": true,
            "is_staff": true,
            "last_login": "2012-02-20 21:05:11",
            "groups": [],
            "user_permissions": [],
            "password": "sha1$99e22$c79827cf9b5e915d100e5b8755b6a551657889e8",
            "email": "red@red.com",
            "date_joined": "2012-02-20 21:05:11"
        }
    },
    {
        "pk": 3,
        "model": "auth.user",
        "fields": {
            "username": "green",
            "first_name": "Green",
            "last_name": "Neeg",
            "is_active": true,
            "is_superuser": true,
            "is_staff": true,
            "last_login": "2012-02-20 21:05:11",
            "groups": [],
            "user_permissions": [],
            "password": "sha1$99e22$c79827cf9b5e915d100e5b8755b6a551657889e8",
            "email": "green@green.com",
            "date_joined": "2012-02-20 21:05:11"
        }
    },
    {
        "pk": 1, 
        "model": "confucius.language", 
        "fields": {
            "code": "ar", 
            "name": "Arabic"
        }
    }, 
    {
        "pk": 2, 
        "model": "confucius.language", 
        "fields": {
            "code": "az", 
            "name": "Azerbaijani"
        }
    }, 
    {
        "pk": 3, 
        "model": "confucius.language", 
        "fields": {
            "code": "bg", 
            "name": "Bulgarian"
        }
    }, 
    {
        "pk": 4, 
        "model": "confucius.language", 
        "fields": {
            "code": "bn", 
            "name": "Bengali"
        }
    }, 
    {
        "pk": 5, 
        "model": "confucius.language", 
        "fields": {
            "code": "bs", 
            "name": "Bosnian"
        }
    }, 
    {
        "pk": 6, 
        "model": "confucius.language", 
        "fields": {
            "code": "ca", 
            "name": "Catalan"
        }
    }, 
    {
        "pk": 7, 
        "model": "confucius.language", 
        "fields": {
            "code": "cs", 
            "name": "Czech"
        }
    }, 
    {
        "pk": 8, 
        "model": "confucius.language", 
        "fields": {
            "code": "cy", 
            "name": "Welsh"
        }
    }, 
    {
        "pk": 9, 
        "model": "confucius.language", 
        "fields": {
            "code": "da", 
            "name": "Danish"
        }
    }, 
    {
        "pk": 10, 
        "model": "confucius.language", 
        "fields": {
            "code": "de", 
            "name": "German"
        }
    }, 
    {
        "pk": 11, 
        "model": "confucius.language", 
        "fields": {
            "code": "el", 
            "name": "Greek"
        }
    }, 
    {
        "pk": 12, 
        "model": "confucius.language", 
        "fields": {
            "code": "en", 
            "name": "English"
        }
    }, 
    {
        "pk": 13, 
        "model": "confucius.language", 
        "fields": {
            "code": "en-gb", 
            "name": "British English"
        }
    }, 
    {
        "pk": 14, 
        "model": "confucius.language", 
        "fields": {
            "code": "es", 
            "name": "Spanish"
        }
    }, 
    {
        "pk": 15, 
        "model": "confucius.language", 
        "fields": {
            "code": "es-ar", 
            "name": "Argentinian Spanish"
        }
    }, 
    {
        "pk": 16, 
        "model": "confucius.language", 
        "fields": {
            "code": "es-mx", 
            "name": "Mexican Spanish"
        }
    }, 
    {
        "pk": 17, 
        "model": "confucius.language", 
        "fields": {
            "code": "es-ni", 
            "name": "Nicaraguan Spanish"
        }
    }, 
    {
        "pk": 18, 
        "model": "confucius.language", 
        "fields": {
            "code": "et", 
            "name": "Estonian"
        }
    }, 
    {
        "pk": 19, 
        "model": "confucius.language", 
        "fields": {
            "code": "eu", 
            "name": "Basque"
        }
    }, 
    {
        "pk": 20, 
        "model": "confucius.language", 
        "fields": {
            "code": "fa", 
            "name": "Persian"
        }
    }, 
    {
        "pk": 21, 
        "model": "confucius.language", 
        "fields": {
            "code": "fi", 
            "name": "Finnish"
        }
    }, 
    {
        "pk": 22, 
        "model": "confucius.language", 
        "fields": {
            "code": "fr", 
            "name": "French"
        }
    }, 
    {
        "pk": 23, 
        "model": "confucius.language", 
        "fields": {
            "code": "fy-nl", 
            "name": "Frisian"
        }
    }, 
    {
        "pk": 24, 
        "model": "confucius.language", 
        "fields": {
            "code": "ga", 
            "name": "Irish"
        }
    }, 
    {
        "pk": 25, 
        "model": "confucius.language", 
        "fields": {
            "code": "gl", 
            "name": "Galician"
        }
    }, 
    {
        "pk": 26, 
        "model": "confucius.language", 
        "fields": {
            "code": "he", 
            "name": "Hebrew"
        }
    }, 
    {
        "pk": 27, 
        "model": "confucius.language", 
        "fields": {
            "code": "hi", 
            "name": "Hindi"
        }
    }, 
    {
        "pk": 28, 
        "model": "confucius.language", 
        "fields": {
            "code": "hr", 
            "name": "Croatian"
        }
    }, 
    {
        "pk": 29, 
        "model": "confucius.language", 
        "fields": {
            "code": "hu", 
            "name": "Hungarian"
        }
    }, 
    {
        "pk": 30, 
        "model": "confucius.language", 
        "fields": {
            "code": "id", 
            "name": "Indonesian"
        }
    }, 
    {
        "pk": 31, 
        "model": "confucius.language", 
        "fields": {
            "code": "is", 
            "name": "Icelandic"
        }
    }, 
    {
        "pk": 32, 
        "model": "confucius.language", 
        "fields": {
            "code": "it", 
            "name": "Italian"
        }
    }, 
    {
        "pk": 33, 
        "model": "confucius.language", 
        "fields": {
            "code": "ja", 
            "name": "Japanese"
        }
    }, 
    {
        "pk": 34, 
        "model": "confucius.language", 
        "fields": {
            "code": "ka", 
            "name": "Georgian"
        }
    }, 
    {
        "pk": 35, 
        "model": "confucius.language", 
        "fields": {
            "code": "km", 
            "name": "Khmer"
        }
    }, 
    {
        "pk": 36, 
        "model": "confucius.language", 
        "fields": {
            "code": "kn", 
            "name": "Kannada"
        }
    }, 
    {
        "pk": 37, 
        "model": "confucius.language", 
        "fields": {
            "code": "ko", 
            "name": "Korean"
        }
    }, 
    {
        "pk": 38, 
        "model": "confucius.language", 
        "fields": {
            "code": "lt", 
            "name": "Lithuanian"
        }
    }, 
    {
        "pk": 39, 
        "model": "confucius.language", 
        "fields": {
            "code": "lv", 
            "name": "Latvian"
        }
    }, 
    {
        "pk": 40, 
        "model": "confucius.language", 
        "fields": {
            "code": "mk", 
            "name": "Macedonian"
        }
    }, 
    {
        "pk": 41, 
        "model": "confucius.language", 
        "fields": {
            "code": "ml", 
            "name": "Malayalam"
        }
    }, 
    {
        "pk": 42, 
        "model": "confucius.language", 
        "fields": {
            "code": "mn", 
            "name": "Mongolian"
        }
    }, 
    {
        "pk": 43, 
        "model": "confucius.language", 
        "fields": {
            "code": "nb", 
            "name": "Norwegian Bokmal"
        }
    }, 
    {
        "pk": 44, 
        "model": "confucius.language", 
        "fields": {
            "code": "nl", 
            "name": "Dutch"
        }
    }, 
    {
        "pk": 45, 
        "model": "confucius.language", 
        "fields": {
            "code": "nn", 
            "name": "Norwegian Nynorsk"
        }
    }, 
    {
        "pk": 46, 
        "model": "confucius.language", 
        "fields": {
            "code": "no", 
            "name": "Norwegian"
        }
    }, 
    {
        "pk": 47, 
        "model": "confucius.language", 
        "fields": {
            "code": "pa", 
            "name": "Punjabi"
        }
    }, 
    {
        "pk": 48, 
        "model": "confucius.language", 
        "fields": {
            "code": "pl", 
            "name": "Polish"
        }
    }, 
    {
        "pk": 49, 
        "model": "confucius.language", 
        "fields": {
            "code": "pt", 
            "name": "Portuguese"
        }
    }, 
    {
        "pk": 50, 
        "model": "confucius.language", 
        "fields": {
            "code": "pt-br", 
            "name": "Brazilian Portuguese"
        }
    }, 
    {
        "pk": 51, 
        "model": "confucius.language", 
        "fields": {
            "code": "ro", 
            "name": "Romanian"
        }
    }, 
    {
        "pk": 52, 
        "model": "confucius.language", 
        "fields": {
            "code": "ru", 
            "name": "Russian"
        }
    }, 
    {
        "pk": 53, 
        "model": "confucius.language", 
        "fields": {
            "code": "sk", 
            "name": "Slovak"
        }
    }, 
    {
        "pk": 54, 
        "model": "confucius.language", 
        "fields": {
            "code": "sl", 
            "name": "Slovenian"
        }
    }, 
    {
        "pk": 55, 
        "model": "confucius.language", 
        "fields": {
            "code": "sq", 
            "name": "Albanian"
        }
    }, 
    {
        "pk": 56, 
        "model": "confucius.language", 
        "fields": {
            "code": "sr", 
            "name": "Serbian"
        }
    }, 
    {
        "pk": 57, 
        "model": "confucius.language", 
        "fields": {
            "code": "sr-latn", 
            "name": "Serbian Latin"
        }
    }, 
    {
        "pk": 58, 
        "model": "confucius.language", 
        "fields": {
            "code": "sv", 
            "name": "Swedish"
        }
    }, 
    {
        "pk": 59, 
        "model": "confucius.language", 
        "fields": {
            "code": "ta", 
            "name": "Tamil"
        }
    }, 
    {
        "pk": 60, 
        "model": "confucius.language", 
        "fields": {
            "code": "te", 
            "name": "Telugu"
        }
    }, 
    {
        "pk": 61, 
        "model": "confucius.language", 
        "fields": {
            "code": "th", 
            "name": "Thai"
        }
    }, 
    {
        "pk": 62, 
        "model": "confucius.language", 
        "fields": {
            "code": "tr", 
            "name": "Turkish"
        }
    }, 
    {
        "pk": 63, 
        "model": "confucius.language", 
        "fields": {
            "code": "uk", 
            "name": "Ukrainian"
        }
    }, 
    {
        "pk": 64, 
        "model": "confucius.language", 
        "fields": {
            "code": "ur", 
            "name": "Urdu"
        }
    }, 
    {
        "pk": 65, 
        "model": "confucius.language", 
        "fields": {
            "code": "vi", 
            "name": "Vietnamese"
        }
    }, 
    {
        "pk": 66, 
        "model": "confucius.language", 
        "fields": {
            "code": "zh-cn", 
            "name": "Simplified Chinese"
        }
    }, 
    {
        "pk": 67, 
        "model": "confucius.language", 
        "fields": {
            "code": "zh-tw", 
            "name": "Traditional Chinese"
        }
    },
    {
        "pk": 1,
        "model": "confucius.role",
        "fields": {
            "code": "C",
            "name": "Chair"
        }
    },
    {
        "pk": 2,
        "model": "confucius.role",
        "fields": {
            "code": "R",
            "name": "Reviewer"
        }
    },
    {
        "pk": 3,
        "model": "confucius.role",
        "fields": {
            "code": "S",
            "name": "Submitter"
        }
    },
    {
        "pk": 1, 
        "model": "confucius.conference", 
        "fields": {
            "reviews_start_date": "2012-02-17", 
            "is_open": true, 
            "title": "Les castors mutants", 
            "reviews_end_date": "2012-02-25", 
            "start_date": "2012-02-17", 
            "submissions_end_date": "2012-02-17", 
            "url": "", 
            "submissions_start_date": "2012-02-17", 
            "domains": [
                1
            ]
        }
    }, 
    {
        "pk": 2, 
        "model": "confucius.conference", 
        "fields": {
            "reviews_start_date": "2012-02-17", 
            "is_open": true, 
            "title": "Dimmu Borgir", 
            "reviews_end_date": "2012-02-17", 
            "start_date": "2012-02-17", 
            "submissions_end_date": "2012-02-17", 
            "url": "", 
            "submissions_start_date": "2012-02-17", 
            "domains": [
                3
            ]
        }
    }, 
    {
        "pk": 3, 
        "model": "confucius.conference", 
        "fields": {
            "reviews_start_date": "2012-02-17", 
            "is_open": false, 
            "title": "les loutres anorexiques", 
            "reviews_end_date": "2012-02-17", 
            "start_date": "2012-02-17", 
            "submissions_end_date": "2012-02-17", 
            "url": "", 
            "submissions_start_date": "2012-02-17", 
            "domains": [
                1, 2
            ]
        }
    }, 
    {
        "pk": 4, 
        "model": "confucius.conference", 
        "fields": {
            "reviews_start_date": "2012-02-17", 
            "is_open": false, 
            "title": "Mauvaise conference", 
            "reviews_end_date": "2012-02-17", 
            "start_date": "2011-12-23", 
            "submissions_end_date": "2012-02-17", 
            "url": "", 
            "submissions_start_date": "2012-02-17", 
            "domains": [
                2
            ]
        }
    }, 
    {
        "pk": 5, 
        "model": "confucius.conference", 
        "fields": {
            "reviews_start_date": "2012-02-17", 
            "is_open": true, 
            "title": "Encore plus tot", 
            "reviews_end_date": "2012-02-17", 
            "start_date": "2011-04-13", 
            "submissions_end_date": "2012-02-17", 
            "url": "", 
            "submissions_start_date": "2012-02-17", 
            "domains": [
                1, 3
            ] 
        }
    }, 
    {
        "pk": 1, 
        "model": "confucius.alert", 
        "fields": {
            "conference": 1, 
            "roles": [
                2
            ], 
            "title": "Premiere Alerte", 
            "content": "test trigger date", 
            "action": null, 
            "reminder": null, 
            "trigger_date": "2012-02-23", 
            "event": null
        }
    }, 
    {
        "pk": 2, 
        "model": "confucius.alert", 
        "fields": {
            "conference": 1, 
            "roles": [
                1
            ], 
            "title": "Heeeey", 
            "content": "test reminder", 
            "action": null, 
            "reminder": 4, 
            "trigger_date": null, 
            "event": 6
        }
    }, 
    {
        "pk": 3, 
        "model": "confucius.alert", 
        "fields": {
            "conference": 1, 
            "roles": [
                1
            ], 
            "title": "Troiseme Alert", 
            "content": "Avec une putain d'action", 
            "action": 4, 
            "reminder": null, 
            "trigger_date": null, 
            "event": null
        }
    }, 
    {
        "pk": 1, 
        "model": "confucius.domain", 
        "fields": {
            "name": "Red domain"
        }
    },
    {
        "pk": 2,
        "model": "confucius.domain", 
        "fields": {
            "name": "Blu domain"
        }
    },
    {
        "pk": 3,
        "model": "confucius.domain", 
        "fields": {
            "name": "Green domain"
        }
    },
    {
        "pk": 1,
        "model": "confucius.membership",
        "fields": {
            "conference": 1,
            "domains": [
                1
            ],
            "user": 1,
            "roles": [
                1, 3
            ]
        }
    },
    {
        "pk": 2,
        "model": "confucius.membership",
        "fields": {
            "conference": 2,
            "domains": [
                3
            ],
            "user": 1,
            "roles": [
                2, 3
            ]
        }
    },
    {
        "pk": 3,
        "model": "confucius.membership",
        "fields": {
            "conference": 4,
            "domains": [
                2
            ],
            "user": 1,
            "roles": [
                3
            ]
        }
    }, 
    {
        "pk": 1, 
        "model": "confucius.reminder", 
        "fields": {
            "name": "1 Month before", 
            "value": 30
        }
    }, 
    {
        "pk": 2, 
        "model": "confucius.reminder", 
        "fields": {
            "name": "2 weeks before", 
            "value": 15
        }
    }, 
    {
        "pk": 3, 
        "model": "confucius.reminder", 
        "fields": {
            "name": "One week before", 
            "value": 7
        }
    }, 
    {
        "pk": 4, 
        "model": "confucius.reminder", 
        "fields": {
            "name": "One day before", 
            "value": 1
        }
    }, 
    {
        "pk": 5, 
        "model": "confucius.reminder", 
        "fields": {
            "name": "2 Months before", 
            "value": 60
        }
    }, 
    {
        "pk": 1, 
        "model": "confucius.event", 
        "fields": {
            "name": "start_date"
        }
    }, 
    {
        "pk": 3, 
        "model": "confucius.event", 
        "fields": {
            "name": "submissions_start_date"
        }
    }, 
    {
        "pk": 4, 
        "model": "confucius.event", 
        "fields": {
            "name": "submissions_end_date"
        }
    }, 
    {
        "pk": 5, 
        "model": "confucius.event", 
        "fields": {
            "name": "reviews_start_date"
        }
    }, 
    {
        "pk": 6, 
        "model": "confucius.event", 
        "fields": {
            "name": "reviews_end_date"
        }
    }, 
    {
        "pk": 1, 
        "model": "confucius.action", 
        "fields": {
            "name": "New User joined the Conference"
        }
    }, 
    {
        "pk": 2, 
        "model": "confucius.action", 
        "fields": {
            "name": "New User left the Conference"
        }
    }, 
    {
        "pk": 3, 
        "model": "confucius.action", 
        "fields": {
            "name": "User has add a review"
        }
    }, 
    {
        "pk": 4, 
        "model": "confucius.action", 
        "fields": {
            "name": "User has add a paper"
        }
    }
]
